
{
  "header": {
    "reportVersion": 1,
    "event": "Allocation failed - JavaScript heap out of memory",
    "trigger": "FatalError",
    "filename": "report.20200408.121845.40916.0.001.json",
    "dumpEventTime": "2020-04-08T12:18:45Z",
    "dumpEventTimeStamp": "1586366325773",
    "processId": 40916,
    "cwd": "/Users/benperlmutter1/Library/Mobile Documents/com~apple~CloudDocs/aaa/week-7/algorithms-insertion-sort-starter/lib",
    "commandLine": [
      "node",
      "insertion_sort.js"
    ],
    "nodejsVersion": "v13.8.0",
    "wordSize": 64,
    "arch": "x64",
    "platform": "darwin",
    "componentVersions": {
      "node": "13.8.0",
      "v8": "7.9.317.25-node.28",
      "uv": "1.34.1",
      "zlib": "1.2.11",
      "brotli": "1.0.7",
      "ares": "1.15.0",
      "modules": "79",
      "nghttp2": "1.40.0",
      "napi": "5",
      "llhttp": "2.0.4",
      "openssl": "1.1.1d",
      "cldr": "35.1",
      "icu": "64.2",
      "tz": "2019a",
      "unicode": "12.1"
    },
    "release": {
      "name": "node",
      "headersUrl": "https://nodejs.org/download/release/v13.8.0/node-v13.8.0-headers.tar.gz",
      "sourceUrl": "https://nodejs.org/download/release/v13.8.0/node-v13.8.0.tar.gz"
    },
    "osName": "Darwin",
    "osRelease": "19.2.0",
    "osVersion": "Darwin Kernel Version 19.2.0: Sat Nov  9 03:47:04 PST 2019; root:xnu-6153.61.1~20/RELEASE_X86_64",
    "osMachine": "x86_64",
    "cpus": [
      {
        "model": "Intel(R) Core(TM) i5-8257U CPU @ 1.40GHz",
        "speed": 1400,
        "user": 23303520,
        "nice": 0,
        "sys": 12831850,
        "idle": 142855190,
        "irq": 0
      },
      {
        "model": "Intel(R) Core(TM) i5-8257U CPU @ 1.40GHz",
        "speed": 1400,
        "user": 2304680,
        "nice": 0,
        "sys": 2298560,
        "idle": 174386200,
        "irq": 0
      },
      {
        "model": "Intel(R) Core(TM) i5-8257U CPU @ 1.40GHz",
        "speed": 1400,
        "user": 23600530,
        "nice": 0,
        "sys": 9043660,
        "idle": 146345250,
        "irq": 0
      },
      {
        "model": "Intel(R) Core(TM) i5-8257U CPU @ 1.40GHz",
        "speed": 1400,
        "user": 2026240,
        "nice": 0,
        "sys": 1756500,
        "idle": 175206690,
        "irq": 0
      },
      {
        "model": "Intel(R) Core(TM) i5-8257U CPU @ 1.40GHz",
        "speed": 1400,
        "user": 19462900,
        "nice": 0,
        "sys": 7824300,
        "idle": 151702240,
        "irq": 0
      },
      {
        "model": "Intel(R) Core(TM) i5-8257U CPU @ 1.40GHz",
        "speed": 1400,
        "user": 2070100,
        "nice": 0,
        "sys": 1665270,
        "idle": 175254060,
        "irq": 0
      },
      {
        "model": "Intel(R) Core(TM) i5-8257U CPU @ 1.40GHz",
        "speed": 1400,
        "user": 16001310,
        "nice": 0,
        "sys": 6449090,
        "idle": 156539040,
        "irq": 0
      },
      {
        "model": "Intel(R) Core(TM) i5-8257U CPU @ 1.40GHz",
        "speed": 1400,
        "user": 2107920,
        "nice": 0,
        "sys": 1535900,
        "idle": 175345590,
        "irq": 0
      }
    ],
    "networkInterfaces": [
      {
        "name": "lo0",
        "internal": true,
        "mac": "00:00:00:00:00:00",
        "address": "127.0.0.1",
        "netmask": "255.0.0.0",
        "family": "IPv4"
      },
      {
        "name": "lo0",
        "internal": true,
        "mac": "00:00:00:00:00:00",
        "address": "::1",
        "netmask": "ffff:ffff:ffff:ffff:ffff:ffff:ffff:ffff",
        "family": "IPv6",
        "scopeid": 0
      },
      {
        "name": "lo0",
        "internal": true,
        "mac": "00:00:00:00:00:00",
        "address": "fe80::1",
        "netmask": "ffff:ffff:ffff:ffff::",
        "family": "IPv6",
        "scopeid": 1
      },
      {
        "name": "en3",
        "internal": false,
        "mac": "ac:de:48:00:11:22",
        "address": "fe80::aede:48ff:fe00:1122",
        "netmask": "ffff:ffff:ffff:ffff::",
        "family": "IPv6",
        "scopeid": 4
      },
      {
        "name": "en0",
        "internal": false,
        "mac": "a4:83:e7:56:f0:30",
        "address": "fe80::18a0:8b41:36c2:8ebc",
        "netmask": "ffff:ffff:ffff:ffff::",
        "family": "IPv6",
        "scopeid": 6
      },
      {
        "name": "en0",
        "internal": false,
        "mac": "a4:83:e7:56:f0:30",
        "address": "192.168.0.4",
        "netmask": "255.255.255.0",
        "family": "IPv4"
      },
      {
        "name": "en0",
        "internal": false,
        "mac": "a4:83:e7:56:f0:30",
        "address": "2800:484:9983:75d0:1490:123d:643c:a463",
        "netmask": "ffff:ffff:ffff:ffff::",
        "family": "IPv6",
        "scopeid": 0
      },
      {
        "name": "en0",
        "internal": false,
        "mac": "a4:83:e7:56:f0:30",
        "address": "2800:484:9983:75d0:1062:fd42:1035:4710",
        "netmask": "ffff:ffff:ffff:ffff::",
        "family": "IPv6",
        "scopeid": 0
      },
      {
        "name": "en0",
        "internal": false,
        "mac": "a4:83:e7:56:f0:30",
        "address": "2800:484:9983:75d0:40f8:f238:b0ee:322b",
        "netmask": "ffff:ffff:ffff:ffff::",
        "family": "IPv6",
        "scopeid": 0
      },
      {
        "name": "en0",
        "internal": false,
        "mac": "a4:83:e7:56:f0:30",
        "address": "2800:484:9983:75d0:b56d:5d58:7d58:fac2",
        "netmask": "ffff:ffff:ffff:ffff::",
        "family": "IPv6",
        "scopeid": 0
      },
      {
        "name": "awdl0",
        "internal": false,
        "mac": "a6:7a:2d:b3:0a:f3",
        "address": "fe80::a47a:2dff:feb3:af3",
        "netmask": "ffff:ffff:ffff:ffff::",
        "family": "IPv6",
        "scopeid": 11
      },
      {
        "name": "llw0",
        "internal": false,
        "mac": "a6:7a:2d:b3:0a:f3",
        "address": "fe80::a47a:2dff:feb3:af3",
        "netmask": "ffff:ffff:ffff:ffff::",
        "family": "IPv6",
        "scopeid": 12
      },
      {
        "name": "utun0",
        "internal": false,
        "mac": "00:00:00:00:00:00",
        "address": "fe80::13be:4789:4c:1b86",
        "netmask": "ffff:ffff:ffff:ffff::",
        "family": "IPv6",
        "scopeid": 13
      },
      {
        "name": "utun1",
        "internal": false,
        "mac": "00:00:00:00:00:00",
        "address": "fe80::b70f:1e17:cd24:655f",
        "netmask": "ffff:ffff:ffff:ffff::",
        "family": "IPv6",
        "scopeid": 14
      },
      {
        "name": "utun2",
        "internal": false,
        "mac": "00:00:00:00:00:00",
        "address": "fe80::bcf4:ae86:80bf:7ed8",
        "netmask": "ffff:ffff:ffff:ffff::",
        "family": "IPv6",
        "scopeid": 15
      },
      {
        "name": "utun3",
        "internal": false,
        "mac": "00:00:00:00:00:00",
        "address": "fe80::518f:80fc:a27a:284d",
        "netmask": "ffff:ffff:ffff:ffff::",
        "family": "IPv6",
        "scopeid": 16
      }
    ],
    "host": "Bens-Computer.local"
  },
  "javascriptStack": {
    "message": "No stack.",
    "stack": [
      "Unavailable."
    ]
  },
  "nativeStack": [
    {
      "pc": "0x000000010015c853",
      "symbol": "report::TriggerNodeReport(v8::Isolate*, node::Environment*, char const*, char const*, std::__1::basic_string<char, std::__1::char_traits<char>, std::__1::allocator<char> > const&, v8::Local<v8::String>) [/usr/local/bin/node]"
    },
    {
      "pc": "0x0000000100084a58",
      "symbol": "node::OnFatalError(char const*, char const*) [/usr/local/bin/node]"
    },
    {
      "pc": "0x000000010017fa4d",
      "symbol": "v8::Utils::ReportOOMFailure(v8::internal::Isolate*, char const*, bool) [/usr/local/bin/node]"
    },
    {
      "pc": "0x000000010017f9f7",
      "symbol": "v8::internal::V8::FatalProcessOutOfMemory(v8::internal::Isolate*, char const*, bool) [/usr/local/bin/node]"
    },
    {
      "pc": "0x0000000100299baf",
      "symbol": "v8::internal::Heap::FatalProcessOutOfMemory(char const*) [/usr/local/bin/node]"
    },
    {
      "pc": "0x000000010027cb01",
      "symbol": "v8::internal::Factory::AllocateRawFixedArray(int, v8::internal::AllocationType) [/usr/local/bin/node]"
    },
    {
      "pc": "0x000000010027b768",
      "symbol": "v8::internal::Factory::NewFixedArrayWithFiller(v8::internal::RootIndex, int, v8::internal::Object, v8::internal::AllocationType) [/usr/local/bin/node]"
    },
    {
      "pc": "0x000000010038b7cf",
      "symbol": "v8::internal::(anonymous namespace)::ElementsAccessorBase<v8::internal::(anonymous namespace)::FastPackedObjectElementsAccessor, v8::internal::(anonymous namespace)::ElementsKindTraits<(v8::internal::ElementsKind)2> >::ConvertElementsWithCapacity(v8::internal::Handle<v8::internal::JSObject>, v8::internal::Handle<v8::internal::FixedArrayBase>, v8::internal::ElementsKind, unsigned int, unsigned int, unsigned int) [/usr/local/bin/node]"
    },
    {
      "pc": "0x000000010038a41f",
      "symbol": "v8::internal::(anonymous namespace)::ElementsAccessorBase<v8::internal::(anonymous namespace)::FastPackedObjectElementsAccessor, v8::internal::(anonymous namespace)::ElementsKindTraits<(v8::internal::ElementsKind)2> >::GrowCapacity(v8::internal::Handle<v8::internal::JSObject>, unsigned int) [/usr/local/bin/node]"
    },
    {
      "pc": "0x00000001004bfa02",
      "symbol": "v8::internal::Runtime_GrowArrayElements(int, unsigned long*, v8::internal::Isolate*) [/usr/local/bin/node]"
    },
    {
      "pc": "0x00000001007502f9",
      "symbol": "Builtins_CEntry_Return1_DontSaveFPRegs_ArgvOnStack_NoBuiltinExit [/usr/local/bin/node]"
    }
  ],
  "javascriptHeap": {
    "totalMemory": 3177926656,
    "totalCommittedMemory": 3145631416,
    "usedMemory": 3143026992,
    "availableMemory": 16758784,
    "memoryLimit": 2197815296,
    "heapSpaces": {
      "read_only_space": {
        "memorySize": 262144,
        "committedMemory": 33328,
        "capacity": 33040,
        "used": 33040,
        "available": 0
      },
      "new_space": {
        "memorySize": 33554432,
        "committedMemory": 2056240,
        "capacity": 16758784,
        "used": 0,
        "available": 16758784
      },
      "old_space": {
        "memorySize": 1974272,
        "committedMemory": 1676568,
        "capacity": 1298160,
        "used": 1298160,
        "available": 0
      },
      "code_space": {
        "memorySize": 430080,
        "committedMemory": 173856,
        "capacity": 154688,
        "used": 154688,
        "available": 0
      },
      "map_space": {
        "memorySize": 266240,
        "committedMemory": 251936,
        "capacity": 175040,
        "used": 175040,
        "available": 0
      },
      "large_object_space": {
        "memorySize": 2086133760,
        "committedMemory": 2086133760,
        "capacity": 2086108184,
        "used": 2086108184,
        "available": 0
      },
      "code_large_object_space": {
        "memorySize": 49152,
        "committedMemory": 49152,
        "capacity": 2784,
        "used": 2784,
        "available": 0
      },
      "new_large_object_space": {
        "memorySize": 1055256576,
        "committedMemory": 1055256576,
        "capacity": 1055255096,
        "used": 1055255096,
        "available": 0
      }
    }
  },
  "resourceUsage": {
    "userCpuSeconds": 3.94505,
    "kernelCpuSeconds": 1.4484,
    "cpuConsumptionPercent": 107.869,
    "maxRss": 2581883518976,
    "pageFaults": {
      "IORequired": 39,
      "IONotRequired": 1036796
    },
    "fsActivity": {
      "reads": 0,
      "writes": 0
    }
  },
  "libuv": [
  ],
  "environmentVariables": {
    "TERM_PROGRAM": "vscode",
    "NVM_CD_FLAGS": "",
    "SHELL": "/bin/bash",
    "TERM": "xterm-256color",
    "TMPDIR": "/var/folders/27/24fjkmb151gc7dvclqwp1k1h0000gp/T/",
    "TERM_PROGRAM_VERSION": "1.43.2",
    "TERM_SESSION_ID": "9053BD25-A55D-4614-B41C-3B339A784CBE",
    "NVM_DIR": "/Users/benperlmutter1/.nvm",
    "USER": "benperlmutter1",
    "SSH_AUTH_SOCK": "/private/tmp/com.apple.launchd.BIvTF4exDf/Listeners",
    "__CF_USER_TEXT_ENCODING": "0x1F6:0x0:0x0",
    "PATH": "/Users/benperlmutter1/.gem/ruby/2.6.0/bin:/Users/benperlmutter1/.rbenv/shims:/usr/local/bin:/usr/bin:/bin:/usr/sbin:/sbin:/Users/benperlmutter1/.gem/ruby/2.6.0/bin:/Users/benperlmutter1/.rbenv/shims",
    "PWD": "/Users/benperlmutter1/Library/Mobile Documents/com~apple~CloudDocs/aaa/week-7/algorithms-insertion-sort-starter/lib",
    "LANG": "en_US.UTF-8",
    "XPC_FLAGS": "0x0",
    "RBENV_SHELL": "bash",
    "XPC_SERVICE_NAME": "0",
    "SHLVL": "3",
    "HOME": "/Users/benperlmutter1",
    "APPLICATION_INSIGHTS_NO_DIAGNOSTIC_CHANNEL": "true",
    "LOGNAME": "benperlmutter1",
    "COLORTERM": "truecolor",
    "_": "/usr/local/bin/node",
    "OLDPWD": "/Users/benperlmutter1/Library/Mobile Documents/com~apple~CloudDocs/aaa/week-7/algorithms-insertion-sort-starter"
  },
  "userLimits": {
    "core_file_size_blocks": {
      "soft": 0,
      "hard": "unlimited"
    },
    "data_seg_size_kbytes": {
      "soft": "unlimited",
      "hard": "unlimited"
    },
    "file_size_blocks": {
      "soft": "unlimited",
      "hard": "unlimited"
    },
    "max_locked_memory_bytes": {
      "soft": "unlimited",
      "hard": "unlimited"
    },
    "max_memory_size_kbytes": {
      "soft": "unlimited",
      "hard": "unlimited"
    },
    "open_files": {
      "soft": 10240,
      "hard": "unlimited"
    },
    "stack_size_bytes": {
      "soft": 8388608,
      "hard": 67104768
    },
    "cpu_time_seconds": {
      "soft": "unlimited",
      "hard": "unlimited"
    },
    "max_user_processes": {
      "soft": 1392,
      "hard": 2088
    },
    "virtual_memory_kbytes": {
      "soft": "unlimited",
      "hard": "unlimited"
    }
  },
  "sharedObjects": [
    "/usr/local/bin/node",
    "/usr/local/opt/icu4c/lib/libicui18n.64.dylib",
    "/usr/local/opt/icu4c/lib/libicuuc.64.dylib",
    "/usr/local/opt/icu4c/lib/libicudata.64.dylib",
    "/System/Library/Frameworks/CoreFoundation.framework/Versions/A/CoreFoundation",
    "/usr/lib/libSystem.B.dylib",
    "/usr/lib/libc++.1.dylib",
    "/usr/lib/system/libcache.dylib",
    "/usr/lib/system/libcommonCrypto.dylib",
    "/usr/lib/system/libcompiler_rt.dylib",
    "/usr/lib/system/libcopyfile.dylib",
    "/usr/lib/system/libcorecrypto.dylib",
    "/usr/lib/system/libdispatch.dylib",
    "/usr/lib/system/libdyld.dylib",
    "/usr/lib/system/libkeymgr.dylib",
    "/usr/lib/system/liblaunch.dylib",
    "/usr/lib/system/libmacho.dylib",
    "/usr/lib/system/libquarantine.dylib",
    "/usr/lib/system/libremovefile.dylib",
    "/usr/lib/system/libsystem_asl.dylib",
    "/usr/lib/system/libsystem_blocks.dylib",
    "/usr/lib/system/libsystem_c.dylib",
    "/usr/lib/system/libsystem_configuration.dylib",
    "/usr/lib/system/libsystem_coreservices.dylib",
    "/usr/lib/system/libsystem_darwin.dylib",
    "/usr/lib/system/libsystem_dnssd.dylib",
    "/usr/lib/system/libsystem_featureflags.dylib",
    "/usr/lib/system/libsystem_info.dylib",
    "/usr/lib/system/libsystem_m.dylib",
    "/usr/lib/system/libsystem_malloc.dylib",
    "/usr/lib/system/libsystem_networkextension.dylib",
    "/usr/lib/system/libsystem_notify.dylib",
    "/usr/lib/system/libsystem_sandbox.dylib",
    "/usr/lib/system/libsystem_secinit.dylib",
    "/usr/lib/system/libsystem_kernel.dylib",
    "/usr/lib/system/libsystem_platform.dylib",
    "/usr/lib/system/libsystem_pthread.dylib",
    "/usr/lib/system/libsystem_symptoms.dylib",
    "/usr/lib/system/libsystem_trace.dylib",
    "/usr/lib/system/libunwind.dylib",
    "/usr/lib/system/libxpc.dylib",
    "/usr/lib/libobjc.A.dylib",
    "/usr/lib/libc++abi.dylib",
    "/usr/lib/libfakelink.dylib",
    "/usr/lib/libDiagnosticMessagesClient.dylib",
    "/usr/lib/libicucore.A.dylib",
    "/usr/lib/libz.1.dylib"
  ]
}